{
	"name": "cozy-target",
	"title": "Cozy Target",
	"description": "Appends target names to chat messages and allows advanced untarget features.",
	"author": "Pakki Sukibe",
	"version": "2.0.0",
	"minimumCoreVersion": "0.7.5",
  
	"scripts": [
    "./scripts/settings.js",
    "./scripts/chat-integration.js"
	],
	
	"styles": [
    "./styles.css"
  ],

  "url": "https://github.com/megahead11/cozy-target",
	"manifest": "https://raw.githubusercontent.com/megahead11/cozy-target/main/module.json",
	"download": "https://github.com/megahead11/cozy-target/raw/main/cozy-target.zip"
}

